canonical_code,concept,role,round_number,present,round_variable,variable_label,question_text,codebook_source,codebook_note,codebook_page,raw_scale_type,n_substantive_categories,higher_means,asked_all_countries,countries_excluded,verified,notes
trust_police,institutional_trust,outcome_component,6,TRUE,Q52H,Q52h. Trust police,"How much do you trust each of the following, or haven’t you heard enough about them to say: The Police?",Zambia 96,,32,likert_0_3,4,more trust,TRUE,,TRUE,
trust_police,institutional_trust,outcome_component,7,TRUE,Q43G,Q43g. Trust police,"How much do you trust each of the following, or haven’t you heard enough about them to say: The Police?",Zambia 96,,29,likert_0_3,4,more trust,TRUE,,TRUE,
trust_police,institutional_trust,outcome_component,8,TRUE,Q41G,Q41g. Trust police,"How much do you trust each of the following, or haven’t you heard enough about them to say: The Police?",Zambia96,,35,likert_0_3,4,more trust,TRUE,,TRUE,
trust_police,institutional_trust,outcome_component,9,TRUE,Q37G,Q37g. Trust police,"How much do you trust each of the following, or haven’t you heard enough about them to say: the police?",Zambia96,,27,likert_0_3,4,more trust,TRUE,,TRUE,
trust_courts,institutional_trust,outcome_component,6,TRUE,Q52J,Q52j. Trust courts of law,"How much do you trust each of the following, or haven’t you heard enough about them to say: Courts of law?",Zambia 96,,32,likert_0_3,4,more trust,TRUE,,TRUE,
trust_courts,institutional_trust,outcome_component,7,TRUE,Q43I,Q43i. Trust courts of law,"How much do you trust each of the following, or haven’t you heard enough about them to say: Courts of law?",Zambia 96,,30,likert_0_3,4,more trust,TRUE,,TRUE,
trust_courts,institutional_trust,outcome_component,8,TRUE,Q41I,Q41i. Trust courts of law,"How much do you trust each of the following, or haven’t you heard enough about them to say: Courts of law?",Zambia96,,35,likert_0_3,4,more trust,TRUE,,TRUE,
trust_courts,institutional_trust,outcome_component,9,TRUE,Q37I,Q37i. Trust courts of law,"How much do you trust each of the following, or haven’t you heard enough about them to say: courts of law?",Zambia96,,28,likert_0_3,4,more trust,TRUE,,TRUE,
corruption_govt_officials,corruption_perception,covariate,6,TRUE,Q53C,Q53c. Corruption: government officials,"How many of the following people do you think are involved in corruption, or haven’t you heard enough about them to say: Government Officials?",Afrobarometer Round 4,,33,likert_0_3,4,more perceived corruption,TRUE,,TRUE,
corruption_govt_officials,corruption_perception,covariate,7,TRUE,Q44C,Q44c. Corruption: government officials,"How many of the following people do you think are involved in corruption, or haven’t you heard enough about them to say: Government officials?",Afrobarometer Round 4,,30,likert_0_3,4,more perceived corruption,TRUE,,TRUE,
corruption_govt_officials,corruption_perception,covariate,8,TRUE,Q42C,Q42c. Corruption: Civil servants,"How many of the following people do you think are involved in corruption, or haven’t you heard enough about them to say: Civil servants?",Afrobarometer Round 4,,36,likert_0_3,4,more perceived corruption,TRUE,,TRUE,
corruption_govt_officials,corruption_perception,covariate,9,TRUE,Q38C,Q38c. Corruption: civil servants,"How many of the following people do you think are involved in corruption, or haven’t you heard enough about them to say: civil servants?",Afrobarometer Round 4,,28,likert_0_3,4,more perceived corruption,TRUE,,TRUE,
govt_perf_economy,govt_performance,covariate,6,TRUE,Q66A,Q66a. Handling managing the economy,"Now let’s speak about the present government of this country. How well or badly would you say the current government is handling the following matters, or haven’t you heard enough to say: Managing the economy?",SAB,Interviewer probed for strength of opinion. *Not asked in SUD,42,likert_1_4,4,better perceived performance,FALSE,Sudan,TRUE,
govt_perf_economy,govt_performance,covariate,7,TRUE,Q56A,Q56a. Handling managing the economy,"Now let’s speak about the performance of the present government of this country. How well or badly would you say the current government is handling the following matters, or haven’t you heard enough to say: Managing the economy?",SAB,Interviewer probed for strength of opinion.,39,likert_1_4,4,better perceived performance,TRUE,,TRUE,
govt_perf_economy,govt_performance,covariate,8,TRUE,Q50A,Q50a. Handling managing the economy,"Now let’s speak about the performance of the present government of this country. How well or badly would you say the current government is handling the following matters, or haven’t you heard enough to say: Managing the economy?",SAB,Interviewer probed for strength of opinion.,43,likert_1_4,4,better perceived performance,TRUE,,TRUE,
govt_perf_economy,govt_performance,covariate,9,TRUE,Q46A,Q46a. Handling managing the economy,"Now let’s speak about the performance of the present government of this country. How well or badly would you say the current government is handling the following matters, or haven’t you heard enough to say: managing the economy?",SAB,Interviewer probed for strength of opinion.,35,likert_1_4,4,better perceived performance,TRUE,,TRUE,
urban_rural,demographic,demographic,6,TRUE,URBRUR,Urban or rural Primary Sampling Unit,PSU/EA,,Answered by interviewer,3,categorical,4,"n/a (1=Urban, 2=Rural)",TRUE,,TRUE,
urban_rural,demographic,demographic,7,TRUE,URBRUR,Urban or Rural Primary Sampling Unit,PSU/EA,,Answered by interviewer,3,categorical,4,"n/a (1=Urban, 2=Rural)",TRUE,,TRUE,
urban_rural,demographic,demographic,8,TRUE,URBRUR,"Urban or Rural Primary Sampling Unit, 3 category (urban, rural, semi-urban)",PSU/EA,,Answered by interviewer,3,categorical,3,"n/a (1=Urban, 2=Rural)",TRUE,,TRUE,
urban_rural,demographic,demographic,9,TRUE,URBRUR,Urban or Rural Primary Sampling Unit,PSU/EA,,Answered by interviewer,3,categorical,3,"n/a (1=Urban, 2=Rural)",TRUE,,TRUE,
age,demographic,demographic,6,TRUE,Q1,Q1. Age,How old are you?,,,10,numeric,,older,TRUE,,TRUE,
age,demographic,demographic,7,TRUE,Q1,Q1. Age,How old are you?,,,10,numeric,,older,TRUE,,TRUE,
age,demographic,demographic,8,TRUE,Q1,Q1. Age,How old are you?,,,12,numeric,,older,TRUE,,TRUE,
age,demographic,demographic,9,TRUE,Q1,Q1. Age,How old are you?,,,12,numeric,,older,TRUE,,TRUE,
gender,demographic,demographic,6,TRUE,Q101,Q101. Gender of respondent,Respondent’s gender,SAB,Answered by interviewer,67,categorical,2,"n/a (1=Male, 2=Female)",TRUE,,TRUE,
gender,demographic,demographic,7,TRUE,Q101,Q101. Gender of respondent,Respondent’s gender,SAB,Answered by interviewer,65,categorical,2,"n/a (1=Male, 2=Female)",TRUE,,TRUE,
gender,demographic,demographic,8,TRUE,Q101,Q101.  Gender of respondent,Respondent’s gender,SAB,Answered by interviewer,78,categorical,2,"n/a (1=Male, 2=Female)",TRUE,,TRUE,
gender,demographic,demographic,9,TRUE,Q100,Q100.  Gender of respondent,Respondent’s gender,SAB,Answered by interviewer,68,categorical,2,"n/a (1=Male, 2=Female)",TRUE,,TRUE,
education_level,demographic,demographic,6,TRUE,Q97,Q97. Education of respondent,What is your highest level of education?,SAB,,63,ordinal_0_9,10,more education,TRUE,,TRUE,
education_level,demographic,demographic,7,TRUE,Q97,Q97. Education of respondent,What is your highest level of education?,SAB,,62,ordinal_0_9,10,more education,TRUE,,TRUE,
education_level,demographic,demographic,8,TRUE,Q97,Q97. Education of respondent,What is your highest level of education?,SAB,,74,ordinal_0_9,10,more education,TRUE,,TRUE,
education_level,demographic,demographic,9,TRUE,Q94,Q94. Education of respondent,What is your highest level of education?,SAB,,64,ordinal_0_9,10,more education,TRUE,,TRUE,
lived_poverty,material_deprivation,control,6,FALSE,,,,,,,,,more deprivation,,,TRUE,constructed from lp_* components; see docs/question.md 6.3
lived_poverty,material_deprivation,control,7,TRUE,LivedPoverty,Lived Poverty Index (average index of 5 poverty items),,,,,continuous_0_4,,more deprivation,,,TRUE,constructed/design variable; no codebook question exists
lived_poverty,material_deprivation,control,8,TRUE,LivedPoverty,Lived Poverty Index (average index of 5 poverty items),,,,,continuous_0_4,,more deprivation,,,TRUE,constructed/design variable; no codebook question exists
lived_poverty,material_deprivation,control,9,TRUE,LivedPoverty,Lived Poverty Index (average index of 5 poverty items),,,,,continuous_0_4,,more deprivation,,,TRUE,constructed/design variable; no codebook question exists
within_weight,survey_design,weight,6,TRUE,withinwt,Within country weighting factor,,,"The weighting variable adjusts the distribution of the sample based on individual selection probabilities (i.e. based on region, gender, urban-rural distribution, and size of household and enumeration area). Appendix 1: Sample characteristics Gender Weighted Unweighted Male 49,7% 49,7% Female 50,3% 50,3% Location Urban 40,4% 41,0% Rural 58,5% 57,9% Semi-Urban 0,9% 0,9% Peri-Urban 0,2% 0,2% Appendix 2: Country-specific codes COUNTRY LAST FIRST LAST PREFIX COUNTRY FIRST CODE CODE CODE CODE ALG Algeria 1420 1459 2420 2430 BDI Burundi 1180 1219 BEN Benin 100 139 BFO Burkina Faso 180 219 BOT Botswana 140 179 CAM Cameroon 1220 1259 CDI Cote d’Ivoire 1260 1299 CVE Cape Verde 220 259 EGY Egypt 1460 1499 GAB Gabon 1700 1739 GHA Ghana 260 299 GUI Guinea 1300 1339 KEN Kenya 300 339 LES Lesotho 340 379 LIB Liberia 380 419 MAD Madagascar 420 459 MAU Mauritius 900 929 MLI Mali 500 539 MLW Malawi 460 499 MOR Morocco 1500 1539 MOZ Mozambique 540 579 NAM Namibia 580 619 NGR Niger 1100 1139 NIG Nigeria 620 659 SAF South Africa 700 739 SEN Senegal 660 699 SRL Sierra Leone 930 959 STP São Tomé and Príncipe 1660 1699 SUD Sudan 1540 1579 2740 2779 SWZ Swaziland 1620 1659 TAN Tanzania 740 779 TOG Togo 1140 1179 TUN Tunisia 1580 1619 UGA Uganda 780 819 ZAM Zambia 820 859 ZIM Zimbabwe 860 899 Appendix 3: Technical Information Forms Survey Overview The Quality of Democracy and Governance in Algeria Afrobarometer Round 6, 2015-2016 Dates of Fieldwork: 28 May, 2015 – 17 June, 2015 Sample size: 1200 Sampling frame: The sampling frame was created based on the results of the last census done in Algeria in 2008 by the National Office of Statistics. The last update of results was done by the National Office of Statistics of Algeria in July 2014 Universe: Citizens of Algeria who are 18 years and older, excluding institutions Sample design: Nationally representative, random, clustered, stratified, multi-stage area probability sample Stratification: State and urban-rural location Stages: PSUs (from strata), start points, households, respondents PSU selection: Probability proportionate to population size (PPPS) Cluster size: 8 households per PSU Household selection: Randomly selected start points, followed by walk pattern using 5/10 interval Respondent selection: Gender quota filled by alternating interviews between men and women; respondents of appropriate gender listed, after which Kish table is used to draw a randomly selected respondent Weighting: Weighted to account for individual selection probabilities Margin of error: +/- 3% at 95% confidence level Fieldwork by: Rabah Hammami (Consultant & Director in the National Office of Statistics) Survey Languages: Arabic Main researchers: Imen Mezlini, Rabah Hammami and Abedelafidh Hussein Outcome rates: Contact rate: 95.0% Cooperation rate: 85.3% Refusal rate: 6.4% Response rate: 81.0% EA Substitution Rate: 0% Survey Overview The Quality of Democracy and Governance in Benin Afrobarometer Round 6, 2014-2015 Dates of Fieldwork: 25 May to 9 June 2014 Sample size: 1,200 Sampling frame: Base de sondages provisoire du Recensement Général de la Population et de l’Habitat (RGPH) of 2013 Sample universe: Citizens age 18 years or older, excluding institutions Sample design: Nationally representative, random, clustered, stratified, multistage area probability sample Stratification: Region, constituency, and urban-rural location Stages: Rural areas: PSUs(from strata), start points, households, respondents Urban areas: PSUs (from strata), start points, households, respondents PSU selection: Probability proportionate to population size (PPPS) Cluster size: 8 households per PSU Household selection: Randomly selected start points, followed by walk pattern using 5/10 interval Respondent selection: Gender quota filled by alternating interviews between men and women; respondents of appropriate gender listed, after which household member draws a numbered card to select individual. Weighting: Weighted to account for individual selection probabilities Margin of error: +/- 3% with 95% confidence level Fieldwork by: Institut de Recherche Empirique en Economie Politique (IREEP) Survey Languages: French, Fon, Adja, Bariba, Yoruba, Outamari, Peulh, Lopka (Official translations) Main researchers: Richard Houessou, Victor Daye, Lucrece Ahandagbe, André Guéguéhoun, Léonard Wantchékon Outcome rates: Contact rate: 93.80% Cooperation rate: 80.70% Refusal rate: 4.20% Response rate: 75.70% EA Substitution Rate: 0.67% Survey Overview The Quality of Democracy and Governance in Botswana Afrobarometer Round 6, 2014-2015 Dates of Fieldwork: 28 Jun–12 Jul 2014 Sample size: 1,200 Sampling frame: Statistics Botswana’s Population and Housing Census of 2011 Sample universe: Citizens of Botswana who are 18 years and older Sample design: Nationally representative, random, clustered, stratified, multi-stage area probability sample Stratification: District, Enumeration Area, and urban-semi-urban-rural location Stages: PSUs (from strata), start points, households, respondents PSU selection: Probability proportionate to population size (PPPS) Cluster size: 8 households per PSU Household selection: Randomly selected start points, followed by walk pattern using 5/10 interval Respondent selection: Gender quota filled by alternating interviews between men and women; respondents of appropriate gender listed, after which household member draws a numbered card to select individual Weighting: Weighted to account for individual selection probabilities Margin of error: +/- 3% at 95% confidence level Fieldwork by: STAR AWARDS Survey Languages: English and Setswana Main researchers: Mogopodi Lekorwe Outcome rates: Contact rate: 95.0% Cooperation rate: 80.8% Refusal rate: 3.9% Response rate: 76.7% EA Substitution Rate: 2%(3 EAs out of 150) Survey Overview The Quality of Democracy and Governance in Burkina Faso Afrobarometer Round 6, 2014-2015 Dates of Fieldwork: 19 April 2015 –05 May 2015 Sample size: 1,200 Sampling frame: 2014 projections developed by the National Institute for Statistics and Demography (INSD) based on the 2006 general Census Sample universe: Citizens of Burkina Faso who are 18 years and older Sample design: Nationally representative, random, clustered, stratified, multi-stage area probability sample Stratification: District, Enumeration Area, and urban-semi-urban-rural location Stages: PSUs (from strata), start points, households, respondents PSU selection: Probability proportionate to population size (PPPS) Cluster size: 8 households per PSU Household selection: Randomly selected start points, followed by walk pattern using 5/10 interval Respondent selection: Gender quota filled by alternating interviews between men and women; respondents of appropriate gender listed, after which household member draws a numbered card to select individual Weighting: Weighted to account for individual selection probabilities Margin of error: +/- 3% at 95% confidence level Fieldwork by: Center for Democratic Governance Survey Languages: Mooré, Dioula, Fulfuldé, Léllé, Gourmantché Main researchers: Professor Augustin Loada Outcome rates: Contact rate: 95.0% Cooperation rate: 86.0% Refusal rate: 3.9% Response rate: 81,7% EA Substitution Rate: 0% Survey Overview The Quality of Democracy and Governance in Burundi Afrobarometer Round 6, 2014-2015 Dates of Fieldwork: 28 September 2014 –11. October 2014 Sample size: 1,200 Sampling frame: General Census of 2008 (Institute of Statistics and Economical StudiesISTEEBU) Sample universe: Citizens of Burundi who are 18 years and older Sample design: Nationally representative, random, clustered, stratified, multi-stage area probability sample Stratification: District and urban-semi-urban-rural location Stages: PSUs (from strata), start points, households, respondents PSU selection: Probability proportionate to population size (PPPS) Cluster size: 8 households per PSU Household selection: Randomly selected start points, followed by walk pattern using 5/10 interval Respondent selection: Gender quota filled by alternating interviews between men and women; respondents of appropriate gender listed, after which household member draws a numbered card to select individual Weighting: Weighted to account for individual selection probabilities Margin of error: +/- 3% at 95% confidence level Fieldwork by: Groupe de Recherche et d’Appui au Développement des Initiatives démocratiques (GRADIS) Survey Languages: Kirundi and French Main researchers: Christophe Sebudandi, Alain Ndikumana Outcome rates: Contact rate: 95.0% Cooperation rate: 83.5% Refusal rate: 2.1% Response rate: 79.3% EA Substitution Rate: 2% Survey Overview The Quality of Democracy and Governance in Cameroon Afrobarometer Round 6, 2014-2015 Dates of Fieldwork: January 24 to February 08, 2015 Sample size: 1,200 Sampling frame: 2005 Cameroon Population and Housing Census Universe: Citizens of Cameroon who are 18 years and older Sample design: Nationally representative, random, clustered, stratified, multi-stage area probability sample Stratification: Region and urban-rural location Stages: PSUs (from strata), start points, households, respondents PSU selection: Probability proportionate to population size (PPPS) Cluster size: 8 households per PSU Household selection: Randomly selected start points, followed by walk pattern using 5/10 interval Respondent selection: Gender quota filled by alternating interviews between men and women; respondents of appropriate gender listed, after which household member draws a numbered card to select individual Weighting: Weighted to account for individual selection probabilities Margin of error: +/- 2% at 95% confidence level Fieldwork by: Centre d'Etudes et de Recherche en Economie et Gestion (CEREG) de l'Université de Yaoundé II Survey Languages: EWondo, Douala, Fufuldé, Bamileké and Bijing Main researchers: Prof NGOA TABI Henri & Dr ATANGANA ONDOA Henri Outcome rates: Contact rate: 94.70% Cooperation rate: 82.10% Refusal rate: 8.10% Response rate: 77.80% EA Substitution Rate: 0/300 = 0% Survey Overview The Quality of Democracy and Governance in CABO VERDE Afrobarometer Round 6, 2014-2015 Dates of Fieldwork: November 22 to December 5, 2014 Sample size: 1200 Sampling frame: Census 2010 - National Institute of Statistics - Cabo Verde (INE) Sample universe: Citizens age 18 years or older, excluding institutions Sample design: Nationally representative, random, clustered, stratified, multistage area probability sample Stratification: Region and urban-rural location Stages: PSUs (from strata), start points, households, respondents PSU selection: Probability proportionate to population size (PPPS) Cluster size: 8 households per PSU Household selection: PSUs (from strata), start points, households, respondents Respondent selection: Gender quota filled by alternating interviews between men and women; respondents of appropriate gender listed, after which household member draws a numbered card to select individual. Weighting: Weighted to account for individual selection probabilities Margin of error: +/- 3% with 95% confidence level Fieldwork by: AFROSONDAGEM Survey Languages: Cape Verdean Creole, Portuguese (official translations) Main researchers: Deolinda Reis, Aguido Cabral, José Semedo and Francisco Rodrigues Outcome rates: Contact rate: 95,9% Cooperation rate: 80,1% Refusal rate: 9,4% Response rate: 76,8% EA Substitution Rate: 0.0% Survey Overview The Quality of Democracy And Governance in Ivory Coast Afrobarometer Round 6, 2014 Date of Fieldwork: 25 August to 08 September 2014 Sample size: 1199 Sampling frame: Master sample (″Echantillon-maître″) of the National Survey of Employment Situation and Child Labour (ENSETE2014) held between the 5th of February and 4th of March 2014 Sample universe: Citizens age 18 years or older, excluding institutions Sample design: Nationally representative, random, clustered, stratified, multistage area probability sample Stratification: Region, constituency, and urban-rural location Stages: Primary Sampling Units (PSUs), start points, households, respondents PSU selection: Probability proportionate to population size (PPPS) Cluster size: 8 households per PSU Household selection: Randomly selected start points, followed by walk pattern using 5/10 interval Respondent selection: Gender quota filled by alternating interviews between men and women; respondents of appropriate gender listed, after which household member draws a numbered card to select individual. Weighting: Weighted to account for individual selection probabilities Margin of error: +/- 3% with 95% confidence level Fieldwork by: Centre de Recherche et de Formation sur le Développement Intégré (CREFDI) Survey Languages: Français, Dioula Main researchers: SILWE Segorbah, National Investigator; M’PELIKAN Gerson, Data Manager, OURA Anselme, Research Associate & N’DRI Jonas, Expert échantillonnage à l’INS. Outcome rates: Contact rate: 93.3% Cooperation rate: 77.1% Refusal rate: 8.1% Response rate: 71.9% EA Substitution Rate: 0.67% Survey Overview The Quality of Democracy and Governance in Egypt Afrobarometer Round 6, 2015-2016 Dates of Fieldwork: 12 June, 2015 – 04 July, 2015 Sample size: 1200 Sampling frame: The sampling frame was created based on the results of the general census of population and housing conducted by the Central Agency for Public Mobilization and Statistics in Cairo in 2006 which has been updated 2013 Universe: Citizens of Egypt who are 18 years and older, excluding institutions Sample design: Nationally representative, random, clustered, stratified, multi-stage area probability sample Stratification: State and urban-rural location Stages: PSUs (from strata), start points, households, respondents PSU selection: Probability proportionate to population size (PPPS) Cluster size: 8 households per PSU Household selection: Randomly selected start points, followed by walk pattern using 5/10 interval Respondent selection: Gender quota filled by alternating interviews between men and women; respondents of appropriate gender listed, after which Kish table is used to draw a randomly selected respondent Weighting: Weighted to account for individual selection probabilities Margin of error: +/- 3% at 95% confidence level Fieldwork by: Prof. Adel SULTAN, statistician Survey Languages: Arabic Main researchers: Prof Adel Sultan and Prof Hicham Jaafar Outcome rates: Contact rate: 94.1% Cooperation rate: 69.7% Refusal rate: 16.2% Response rate: 65.6% EA Substitution Rate: 0% Survey Overview The Quality of Democracy and Governance in Gabon Afrobarometer Round 6, 2015-2016 Dates of Fieldwork: 18 September 2015 – 03 October 2015 Sample size: 1200 Sampling frame: General Census of Population and Housing (RGPL) of 2013, issued by the Department of Statistics and Economic Studies Universe: Citizens of Gabon who are 18 years and older, excluding institutions Sample design: Nationally representative, random, clustered, stratified, multi-stage area probability sample Stratification: Province, Departement and urban-rural location Stages: PSUs (from strata), start points, households, respondents PSU selection: Probability proportionate to population size (PPPS) Cluster size: 8 households per PSU Household selection: Randomly selected start points, followed by walk pattern using 5/10 interval Respondent selection: Gender quota filled by alternating interviews between men and women; respondents of appropriate gender listed, after which Kish table is used to draw a randomly selected respondent Weighting: Weighted to account for individual selection probabilities Margin of error: +/- 3% at 95% confidence level Fieldwork by: Centre d’ Etudes et de Recherche en Geosciences Politiques et Prospective (CERGEP) Survey Languages: French Main researchers: Pr. Marc-Louis Ropivia, Pr Jean Bernard Mombo, Dr Christian Wali Wali, Dr Bertrand Dimitri Ndombi Boundzanga, Dr Jean Aurélien Moukana Libongui, Dr Aline Lembé, Dr Léticia Sello Madoungou, Dr Euloge Makita Ikouaya Outcome rates: Contact rate: 96.4% Cooperation rate: 63.0% Refusal rate: 14.4% Response rate: 60.7% EA Substitution Rate: 3.3% Survey Overview The Quality of Democracy and Governance in Ghana Afrobarometer Round 6, 2015-2016 Dates of Fieldwork: May 20 to June 10, 2014 Sample size: 2,400 Sampling frame: 2010 Ghana Population and Housing Census Universe: Citizens of Ghana who are 18 years and older Sample design: Nationally representative, random, clustered, stratified, multi-stage area probability sample Stratification: Region and urban-rural location Stages: PSUs (from strata), start points, households, respondents PSU selection: Probability proportionate to population size (PPPS) Cluster size: 8 households per PSU Household selection: Randomly selected start points, followed by walk pattern using 5/10 interval Respondent selection: Gender quota filled by alternating interviews between men and women; respondents of appropriate gender listed, after which household member draws a numbered card to select individual Weighting: Weighted to account for individual selection probabilities Margin of error: +/- 2% at 95% confidence level Fieldwork by: Ghana Center for Democratic Development (CDD-Ghana) Survey Languages: Twi, Ewe, Ga and Dagbani Main researchers: Daniel Armah-Attoh & Prof. E. Gyimah-Boadi Outcome rates: Contact rate: 95.90% Cooperation rate: 82.10% Refusal rate: 7.90% Response rate: 78.70% EA Substitution Rate: 3/300 = 1.0% Survey Overview The Quality of Democracy and Governance in Guinea Afrobarometer Round 6, 2014-2015 Dates of Fieldwork: 16 March– 05 April 2015 Sample size: 1,200 Sampling frame: General Population and Housing Census (RGPH) of 2013 Sample universe: Citizens of Guinea who are 18 years and older Sample design: Nationally representative, random, clustered, stratified, multi-stage area probability sample Stratification: District, Enumeration Area, and urban-semi-urban-rural location Stages: PSUs (from strata), start points, households, respondents PSU selection: Probability proportionate to population size (PPPS) Cluster size: 8 households per PSU Household selection: Randomly selected start points, followed by walk pattern using 5/10 interval Respondent selection: Gender quota filled by alternating interviews between men and women; respondents of appropriate gender listed, after which household member draws a numbered card to select individual Weighting: Weighted to account for individual selection probabilities Margin of error: +/- 3% at 95% confidence level Fieldwork by: Stat View International (SVI) Survey Languages: French, Soussou, Poular, Malinké, Kpèlè, Loma, Kissié, Mano Main researchers: Aliou BARRY, Djiba KABA, Lansana MANSADOUNO, Yumba INABANZA, Mamadou Billo BAH, Massa GUILAVOGUI, Mamadou Dabola DIALLO, Bangaly CAMARA, Alpha Oumar DIALLO et Saran DOUMBOUYA Outcome rates: Contact rate: 98.7% Cooperation rate: 93.6% Refusal rate: 5.0% Response rate: 92.3% EA Substitution Rate: 4% Survey Overview The Quality of Democracy And Governance in Kenya Afrobarometer Round 6, 2014 Dates of Fieldwork: 12th November 2014 to 5th December 2014 Sample size: N=2,397 Sampling frame: 2009 National Population and Housing Census produced by the Kenya National Bureau of Statistics (KNBS) Sample universe: Citizens of Kenya who are 18 years or older Sample design: Nationally representative, random, clustered, stratified, multistage area probability sample Stratification: Counties (47) and place of residence (urban - rural). Stages: Random selection of Primary Sampling Units (PSUs) or Enumeration Areas (EAs), Sampling Start Points (SSP), Households, Respondents. PSU selection: Probability Proportionate to Population Size (PPPS) Cluster size: 8 Households per PSU Household selection: Randomly selected start points, followed by walk pattern using 5/10 interval. Respondent selection: Gender quota filled by alternating interviews between men and women; respondents of appropriate gender listed, after which household member draws a numbered card to select individual. Weighting: Weighted to account for individual selection probabilities. Margin of error: +/- 2% with 95% confidence level [OR +/- 2% for n=2397] Fieldwork by: Institute for Development Studies (IDS), University of Nairobi Survey Language: English, Kiswahili, Kikuyu, Luo, Somali, Kamba Main researchers: Prof. Winnie V. Mitullah, Dr. Adams Oloo, Dr. Paul Kamau and Dr. Joshua Kivuva Outcome rates: Contact rate: 98.6% Cooperation rate: 83.6% Refusal rate: 4.7% Response rate: 82.4% EA Substitution Rate: 2.7% Survey Overview The Quality of Democracy and Governance in Lesotho Afrobarometer Round 6, 2014-2015 Dates of Fieldwork: 5 May–31 May 2014 Sample size: 1,200 Sampling frame: 2006 Bureau of Statistics Census updated by 2012 population projections Sample universe: Citizens of Lesotho who are 18 years and older Sample design: Nationally representative, random, clustered, stratified, multi-stage area probability sample Stratification: District, ecological zone, and urban-rural location Stages: PSUs (from strata), start points, households, respondents PSU selection: Probability proportionate to population size (PPPS) Cluster size: 8 households per PSU Household selection: Randomly selected start points, followed by walk pattern using 5/10 interval Respondent selection: Gender quota filled by alternating interviews between men and women; respondents of appropriate gender listed, after which household member draws a numbered card to select individual Weighting: Weighted to account for individual selection probabilities Margin of error: +/- 3% at 95% confidence level Fieldwork by: Advision Lesotho Survey Languages: English and Sesotho Main researchers: Mamochaki Shale Outcome rates: Contact rate: 97.6% Cooperation rate: 74.3% Refusal rate: 3.6% Response rate: 72.6% EA Substitution Rate: 0.67% (1 EA out of 150) Survey Overview The Quality of Democracy and Governance in Liberia Afrobarometer Round 6, 2014-2015 Dates of Fieldwork: 6 May 2015 – 22 May 2015 Sample size: 1,200 Sampling frame: 2008 Population and Housing Census of the Republic of Liberia Sample Universe: Citizens of Liberia who are 18 years and older Sample design: Nationally representative, random, clustered, stratified, multi-stage area probability sample Stratification: County and urban-rural location Stages: PSUs (from strata), start points, households, respondents PSU selection: Probability proportionate to population size (PPPS) Cluster size: 8 households per PSU Household selection: Randomly selected start points, followed by walk pattern using 5/10 interval Respondent selection: Gender quota filled by alternating interviews between men and women; respondents of appropriate gender listed, after which household member draws a numbered card to select individual Weighting: Weighted to account for individual selection probabilities Margin of error: +/-3% at 95% confidence level Fieldwork by: Practical Sampling International Survey languages: English and Liberian English Main researchers: Akinremi Taofeeq and Moses Olusola Outcome rates: Contact rate: 96,6% Cooperation rate: 92,3% Refusal rate: 5,2% Response rate: 89.5% EA Substitution Rate: 0/150 = 0% Survey Overview The Quality of Democracy and Governance in Madagascar Afrobarometer Round 6, 2014-2015 Dates of Fieldwork: 12 December 2014 –13 January 2014 Sample size: 1,200 Sampling frame: Population estimate of 2012 by the National Institute of Statistics (INSTAT) Sample universe: Citizens of Madagascar who are 18 years and older Sample design: Nationally representative, random, clustered, stratified, multi-stage area probability sample Stratification: District, Enumeration Area, and urban-semi-urban-rural location Stages: PSUs (from strata), start points, households, respondents PSU selection: Probability proportionate to population size (PPPS) Cluster size: 8 households per PSU Household selection: Randomly selected start points, followed by walk pattern using 5/10 Interval Respondent selection: Gender quota filled by alternating interviews between men and women; respondents of appropriate gender listed, after which household member draws a numbered card to select individual Weighting: Weighted to account for individual selection probabilities Margin of error: +/- 3% at 95% confidence level Fieldwork by: COEF Resources Survey Languages: Malgache Main researchers: Désiré RAZAFINDRAZAKA, Laetitia RAZAFIMAMONJY, Iraldo Luis DJAO Outcome rates: Contact rate: 94.3% Cooperation rate: 93.5% Refusal rate: 1.5% Response rate: 88.1% EA Substitution Rate: 5% Survey Overview The Quality of Democracy and Governance in Malawi Afrobarometer Round 6, 2014-2015 Dates of Fieldwork: 1 March 2014 to 27 April 2014 Sample size: 2,400 Sampling frame: 2008 Malawi Population and Housing Census Sample universe: Citizens of Malawi 18 years and older in March 2014 Sample design: Nationally representative, random, clustered, stratified, multi-stage area probability sample Stratification: Rural, peri-urban, and urban location Stages: SSUs (from strata), PSUs, start points, households, respondents SSU & PSU selection: Probability proportionate to population size (PPPS) Cluster size: 8 households per PSU Household selection: Randomly selected start points, followed by walk pattern using 5/10 interval Respondent selection: Gender quota filled by alternating interviews between men and women; respondents of appropriate gender listed, after which household member draws a numbered card to select individual Weighting: Weighted to account for individual selection probabilities Margin of error: +/- 2% at 95% confidence level Fieldwork by: Centre for Social Research, University of Malawi Survey Languages: Chichewa, Chitumbuka, and English Main researchers: Maxton Tsoka, Joseph Chunga, and Happy Kayuni Outcome rates: Contact rate: 98.7% Cooperation rate: 95.4% Refusal rate: 1.9% Response rate: 94.2% EA Substitution Rate: 4/300 = 0.013 Survey Overview The Quality of Democracy and Governance in Mali Afrobarometer Round 6, 2014-2015 Dates of Fieldwork: 01 December–14 December 2014 Sample size: 1,200 Sampling frame: General Population and Housing Census (RGPH) of 2009 Sample universe: Citizens of Botswana who are 18 years and older Sample design: Nationally representative, random, clustered, stratified, multi-stage area probability sample Stratification: District, Enumeration Area, and urban-semi-urban-rural location Stages: PSUs (from strata), start points, households, respondents PSU selection: Probability proportionate to population size (PPPS) Cluster size: 8 households per PSU Household selection: Randomly selected start points, followed by walk pattern using 5/10 interval Respondent selection: Gender quota filled by alternating interviews between men and women; respondents of appropriate gender listed, after which household member draws a numbered card to select individual Weighting: Weighted to account for individual selection probabilities Margin of error: +/- 3% at 95% confidence level Fieldwork by: GREAT (Groupe de recherche en économie appliquée théorique) Survey Languages: French, Bambara, Peulh, Sonrhai, Sarakolle, Tamasheq Main researchers: Massa Coulibaly, François Koné, Fatoumata Sow, Moussa Coulibaly, Boubacar Bougoudogo, Djénéba Diarra Outcome rates: Contact rate: 94.1% Cooperation rate: 79.0% Refusal rate: 6.6% Response rate: 74.4% EA Substitution Rate: 1.3%(3 EAs out of 150) Survey Overview The Quality of Democracy and Governance in Mauritius Afrobarometer Round 6, 2014-2015 Dates of Fieldwork: 27 June–21 July 2014 Sample size: 1,200 Sampling frame: 2011 Population Census conducted by Statistics Mauritius in July 2011 Sample universe: Citizens of the Republic of Mauritius who are 18 years and older Sample design: Nationally representative, random, clustered, stratified, multi-stage area probability sample Stratification: Geographical Districts and urban-rural location Stages: PSUs (from strata), start points, households, respondents PSU selection: Probability proportionate to population size (PPPS) Cluster size: 8 households per PSU Household selection: Randomly selected start points, followed by walk pattern using 5/10 interval Respondent selection: Gender quota filled by alternating interviews between men and women; respondents of appropriate gender listed, after which household member draws a numbered card to select individual Weighting: Weighted to account for individual selection probabilities Margin of error: +/- 3% at 95% confidence level Fieldwork by: StraConsult Ltd Survey Languages: English, Creole and French Main researchers: L. Amedee Darga Outcome rates: Contact rate: 95.7% Cooperation rate: 70.9% Refusal rate: 20.2% Response rate: 67.9% EA Substitution Rate: 0 (no substitution) Survey Overview The Quality of Democracy And Governance in Morocco Afrobarometer Round 6, 2014 Dates of Fieldwork: 02 November, 2015 – 22 November, 2015 Sample size: N=1200 Sampling frame: The last census done in 2014 by the High Commission for Planning in Morocco. Sample universe: Citizens age 18 years or older, excluding institutions Sample design: Nationally representative, random, clustered, stratified, multistage area probability sample Stratification: State and urban-rural location Stages: PSUs (from strata), start points, households, respondents PSU selection: Probability proportionate to population size (PPPS) Cluster size: 8 households per PSU Household selection: Randomly selected start points, followed by walk pattern using a 5/10 as interval. Respondent selection: Gender quota filled by alternating interviews between men and women; respondents of appropriate gender listed, after Kish table is used to draw randomly the respondent. Weighting: Not applied. Margin of error: +/- 3% with 95% confidence level Fieldwork by: Meda Solutions Survey Languages: Arabic (Official translations) Main researchers: Mohammed Abderebbi, Imen Mezlini and Najib ben Saad. Outcome rates: Contact rate: 91.2% Cooperation rate: 42.0% Refusal rate: 34.7% Response rate: 38.3% EA Substitution Rate: 0% Survey Overview The Quality of Democracy and Governance in Mozambique Afrobarometer Round 6, 2014-2015 Dates of Fieldwork: 30th June to 24th August 2015 Sample size: 2,400 Sampling frame: 2007 Population and Housing Census Mozambique with 2015 population projections Sample universe: Citizens age 18 years or older, excluding institutions Sample design: Nationally representative, random, clustered, stratified, multistage area probability sample Stratification: Province, ward (for rural areas only) and urban-rural location Stages: PSUs (from strata), start points, households, respondents PSU selection: Probability proportionate to population size (PPPS) Cluster size: Eight households per PSU Household selection: Randomly selected start points, followed by walk pattern using 5/10 interval Respondent selection: Gender quota filled by alternating interviews between men and women; respondents of appropriate gender listed, after which household member draws a numbered card to select individual. Weighting: Weighted to account for individual selection probabilities Margin of error: +/- 2% with 95% confidence level Fieldwork by: Ipsos Mozambique Survey Languages: Portuguese, Changana, Sena, Ndau and Macua. (Official translations) Main researchers: Maxwell Odhiambo and Dominic Nyasente. Outcome rates: Contact rate: 99.1% Cooperation rate: 87.2% Refusal rate: 4.3% Response rate: 86.5% EA Substitution Rate: 4.7% Survey Overview The Quality of Democracy and Governance in Namibia Afrobarometer Round 6, 2014-2015 Dates of Fieldwork: 27 August to 22 September 2014 Sample size: 1,200 Sampling frame: 2011 Namibia Population and Housing Census, updated in 2012; Namibia Statistics Agency (NSA), Ms NdapandulaNdikwetepo, Sampling Statistician Sample universe: Citizens age 18 years or older, excluding institutions Sample design: Nationally representative, random, clustered, stratified, multistage area probability sample Stratification: Region, constituency, and urban-rural location Stages: Rural areas: PSUs(from strata), start points, households, respondents Urban areas: PSUs (from strata), start points, households, respondents PSU selection: Probability proportionate to population size (PPPS) Cluster size: 8 households per PSU Household selection: Randomly selected start points, followed by walk pattern using 5/10 interval Respondent selection: Gender quota filled by alternating interviews between men and women; respondents of appropriate gender listed, after which household member draws a numbered card to select individual. Weighting: Weighted to account for individual selection probabilities Margin of error: +/- 3% with 95% confidence level Fieldwork by: Survey Warehouse Survey Languages: Afrikaans, Otjiherero, Rukwangali, Oshikwanyama Main researchers: Professor Bill Lindeke, Lizl Stoman, Pieter Stoman, PetrusShikongo Outcome rates: Contact rate: 94.7% Cooperation rate: 67.3% Refusal rate: 8.2% Response rate: 63.8% EA Substitution Rate: 0% Survey Overview The Quality of Democracy and Governance in Niger Afrobarometer Round 6, 2014-2015 Dates of Fieldwork: 01 April – 18 April 2015 Sample size: 1,200 Sampling frame: General Census of Population and Housing (RGPH) of 2012 Sample universe: Citizens of Niger who are 18 years and older Sample design: Nationally representative, random, clustered, stratified, multi-stage area probability sample Stratification: District, Enumeration Area, and urban-semi-urban-rural location Stages: PSUs (from strata), start points, households, respondents PSU selection: Probability proportionate to population size (PPPS) Cluster size: 8 households per PSU Household selection: Randomly selected start points, followed by walk pattern using 5/10 interval Respondent selection: Gender quota filled by alternating interviews between men and women; respondents of appropriate gender listed, after which household member draws a numbered card to select individual Weighting: Weighted to account for individual selection probabilities Margin of error: +/- 3% at 95% confidence level Fieldwork by : Laboratoire des Etudes et de Recherche sur les Dynamiques Sociales et le Développement Local (LASDEL) Survey Languages : Haoussa, Zarma/Songhaï, Fulfuldé, Tamasheq, Kanuri, Gourmantchéma, Arabic Main researchers: Moumouni Adamou, Toumane Seyni Amadou Outcome rates: Contact rate: 94.9% Cooperation rate: 92.7% Refusal rate: 2.3% Response rate: 87.9% EA Substitution Rate: 3.33% Survey Overview The Quality of Democracy and Governance in Nigeria Afrobarometer Round 6, 2015-2016 Dates of Fieldwork: 5th December, 2014 to 19th January, 2015 Sample size: 2,400 Sampling frame: 2006 Population and Housing Census of the Federal Republic of Nigeria Universe: Citizens of Nigeria who are 18 years and older Sample design: Nationally representative, random, clustered, stratified, multi-stage area probability sample Stratification: Region and urban-rural location Stages: PSUs (from strata), start points, households, respondents PSU selection: Probability proportionate to population size (PPPS) Cluster size: 8 households per PSU Household selection: Randomly selected start points, followed by walk pattern using 5/10 interval Respondent selection: Gender quota filled by alternating interviews between men and women; respondents of appropriate gender listed, after which household member draws a numbered card to select individual Weighting: Weighted to account for individual selection probabilities Margin of error: +/- 2% at 95% confidence level Fieldwork by: Practical Sampling International Survey Languages: English, Hausa, Yoruba, Igbo and Pidgin English Main researchers: Akinremi Taofeeq & Moses Olusola Outcome rates: Contact rate: 89.9% Cooperation rate: 77.4% Refusal rate: 7.1% Response rate: 69.5% EA Substitution Rate: 21/300 = 7% Survey Overview The Quality of Democracy and Governance in SÃO TOMÉ E PRINCIPE Afrobarometer Round 6, 2014-2015 Dates of Fieldwork: July 17 to August 10, 2015 Sample size: 1200 Sampling frame: Census 2012 - National Institute of Statistics – São Tomé e Principe (INE) Sample universe: Citizens age 18 years or older, excluding institutions Sample design: Nationally representative, random, clustered, stratified, multistage area probability sample Stratification: Region and urban-rural location Stages: PSUs (from strata), start points, households, respondents PSU selection: Probability proportionate to population size (PPPS) Cluster size: 8 households per PSU Household selection: PSUs (from strata), start points, households, respondents Respondent selection: Gender quota filled by alternating interviews between men and women; respondents of appropriate gender listed, after which household member draws a numbered card select to individual. Weighting: Weighted to account for individual selection probabilities Margin of error: +/- 3% with 95% confidence level Fieldwork by: AFROSONDAGEM Survey Languages: Creole, Foro, Angular and Portuguese (official translations) Main researchers: Deolinda Reis, José Semedo and Francisco Rodrigues Outcome rates: Contact rate: 97.8% Cooperation rate: 90.9% Refusal rate: 4.9% Response rate: 88.8% EA Substitution Rate: 0% Survey Overview The Quality of Democracy and Governance in Senegal Afrobarometer Round 6, 2014-2015 Dates of Fieldwork: 22 November to 07 December 2014 Sample size: 1200 Sampling frame: 2013 Senegal Population and Habitation Census (RGPH) Sample universe: Citizens age 18 years or older, excluding institutions Sample design: Nationally representative, random, clustered, stratified, multistage area probability sample Stratification: Region, constituency, and urban-rural location Stages: PSUs (from strata), start points, households, respondents PSU selection: Probability Proportionate to Population Size (PPPS) Cluster size: 8 households per PSU Household selection: Randomly selected start points, followed by walk pattern using 5/10 interval Respondent selection: Gender quota filled by alternating interviews between men and women; respondents of appropriate gender listed, after which household member draws a numbered card to select individual. Weighting: Weighted to account for individual selection probabilities Margin of error: +/- 3% with 95% confidence level Fieldwork by: Carrefour d’études et de recherches action pour le développement et la démocratie (CERADD) Survey Languages: French, Wolof, Diola, Puular (Official translations) Main researchers: Pr. Babaly SALL, Pr. Mohamadou SALL, Dr. Ibrahima GAYE, Ibrahima SALL, Omar MBAYE, Dr. Alpha BA Outcome rates: Contact rate: 97.7% Cooperation rate: 81,8% Refusal rate: 6,2% Response rate: 79,9% EA Substitution Rate: 0% Survey Overview The Quality of Democracy and Governance in Sierra Leone Afrobarometer Round 6, 2014-2015 Dates of Fieldwork: 22nd May - 10th June 2015 Sample size: N= 1200 Sampling frame: 2004 Population Census and 2015 Population Projections Data provided by Statistics Sierra Leone Sample universe: Citizens age 18 years or older, excluding institutions Sample design: Nationally representative, random, clustered, stratified, multistage area probability sample Stratification: District and urban-rural location Stages: Rural areas: Randomly select Secondary Sampling Units (SSUs) (Chiefdom), Primary Sampling Units (PSUs) (Enumeration Areas, EAs) (two from each SSU), start points, households, respondents Urban areas: Randomly select PSUs (EAs), start points, households, respondents PSU selection: Probability proportionate to population size (PPPS) Cluster size: 8 households per PSU Household selection: Randomly selected start points, followed by walk pattern using 5/10 interval Respondent selection: Gender quota filled by alternating interviews between men and women; respondents of appropriate gender listed, after which household member draws a numbered card to select individual. Weighting: Weighted to account for individual selection probabilities and to reflect the 2004 Population and Housing Census distribution of the adult population. Margin of error: +/- 3% with 95% confidence level Fieldwork by: ITASCAP LTD. Survey Languages: Krio, Mende, Limba and Temne. (Official translations) Main researchers: Mahmoud A. IDRISS and Umaru KATTA Outcome rates: 1 Contact rate: [N/A] Cooperation rate: [N/A] Refusal rate: [N/A] Response rate: [N/A] EA Substitution Rate: 0.00% 1 As submitted earlier, SRL has over time had zero refusals in not only Afrobarometer but other surveys. This may not be unconnected with the fact that almost all respondents think surveys are sponsored by Government. Looking, for instance, at the r6 (and even the r5) dataset, apart from respondents citing Afrobarometer or a research company or an NGO (which they think is the implementing agency for Government), nearly every respondent will say it is Government that sent the fieldworkers to do the job; and I'm sure many citizens normally want to comply with Government in many issues especially when they can. Survey Overview The Quality of Democracy and Governance in South Africa Afrobarometer Round 6, 2014-2015 Dates of Fieldwork: 13 August to 21 September 2015 Sample size: 2,400 Sampling frame: 2011 South African Population Census with a national population of 51million Sample universe: Citizens age 18 years or older, excluding institutions Sample design: Nationally representative, random, clustered, stratified, multistage area probability sample Stratification: Province, race, and urban-rural location Stages: EAs, start points, households, respondents PSU selection: Probability Proportionate to Population Size (PPPS) Cluster size: 4 households per EA Household selection: Randomly selected start points, followed by walk pattern using 5/10 interval Respondent selection: Gender quota filled by alternating interviews between men and women; respondents of appropriate gender listed, after which household member draws a numbered card to select individual. Weighting: Weighted to account for individual selection probabilities Margin of error: +/- 3% with 95% confidence level Fieldwork by: Plus 94 Research Survey Languages: SeSotho, SePedi, Afrikaans, SeTswana, Tshivenda, Xhosa, Zulu and English (Official translations) Main researchers: Tina Katembo-Phiri Outcome rates: Contact rate: 94.5% Cooperation rate: 67.5% Refusal rate: 13.9% Response rate: 63.7% EA Substitution Rate: 3.3% Survey Overview The Quality of Democracy and Governance in Sudan Afrobarometer Round 6, 2015-2016 Dates of Fieldwork: 09 June, 2015 – 25 June, 2015 Sample size: 1200 Sampling frame: The sampling frame was created from the 2008 Sudan population census; the frame covered all residents living in Sudan and housing units as well. This frame was updated for the Sudan 2010 election Universe: Citizens of Sudan who are 18 years and older, excluding institutions Sample design: Nationally representative, random, clustered, stratified, multi-stage area probability sample Stratification: State and urban-rural location Stages: PSUs (from strata), start points, households, respondents PSU selection: Probability proportionate to population size (PPPS) Cluster size: 8 households per PSU Household selection: Randomly selected start points, followed by walk pattern using 5/10 interval Respondent selection: Gender quota filled by alternating interviews between men and women; respondents of appropriate gender listed, after which Kish table is used to draw a randomly selected respondent Weighting: Weighted to account for individual selection probabilities Margin of error: +/- 3% at 95% confidence level Fieldwork by: Dr .Elmogiera Elawad – Sudan Polling Statistics Center Ghefari Elsayed - central bureau of research Sudan- and executive director of SPSC Survey Languages: Arabic Main researchers: Dr .Elmogiera Elawad / Ghefari Elsayed Outcome rates: Contact rate: 100% Cooperation rate: 95.7% Refusal rate: 3.3% Response rate: 95.7% EA Substitution Rate: 0% Survey Overview The Quality of Democracy and Governance in Swaziland Afrobarometer Round 6, 2014-2015 Dates of Fieldwork: 21 April to 10 May 2015 Sample size: 1,200 Sampling frame: 2007 Swaziland Population Census with 2014 Population Projections Sample universe: Citizens age 18 years or older, excluding institutions Sample design: Nationally representative, random, clustered, stratified, multistage area probability sample Stratification: Region and urban-rural location Stages: PSUs (from strata), start points, households, respondents PSU selection: Probability Proportionate to Population Size (PPPS) Cluster size: 8 households per PSU Household selection: Randomly selected start points, followed by walk pattern using 5/10 interval Respondent selection: Gender quota filled by alternating interviews between men and women; respondents of appropriate gender listed, after which household member draws a numbered card to select individual. Weighting: Weighted to account for individual selection probabilities Margin of error: +/- 3% with 95% confidence level Fieldwork by: activQuest Survey Languages: siSwati, English (Official translations) Main researchers: Edward Okoth, Vimbai Tsododo Outcome rates: Contact rate: 91.5% Cooperation rate: 71.6% Refusal rate: 3.4% Response rate: 65.5% EA Substitution Rate: 8.7% Survey Overview The Quality of Democracy and Governance in Tanzania Afrobarometer Round 6, 2014-2015 Dates of Fieldwork: 26th August to 19th October 2014 Sample size: N=2,386 Sampling frame: 2012 National Population and Housing Census produced by the Tanzanian National Bureau of Statistics Sample universe: Citizens of Tanzania who are 18 years or older Sample design: Nationally representative, random, clustered, stratified, multistage area probability sample Stratification: Regions (25 Mainland and 5 in Zanzibar) and place of residence (urban- rural). Stages: Rural areas: Randomly selected Secondary Sampling Units (SSUs), PSUs (EAs) (two from each SSU), Start Points, Households, Respondents. Urban areas: PSU (from strata), start points, households, respondents PSU selection: Probability Proportionate to Population Size (PPPS) Cluster size: 8 Households per PSU Household selection: Randomly selected start points, followed by walk pattern using 5/10 interval. Respondent selection: Gender quota filled by alternating interviews between men and women; respondents of appropriate gender listed, after which household member draws a numbered card to select individual. Weighting: Weighted to account for individual selection probabilities. Margin of error: +/- 2% with 95% confidence level [OR +/- 2% for n=2386] Fieldwork by: REPOA – Policy Research for Development Survey Language: Kiswahili Main researchers: Rose Aiko – National Investigator Stephen Mwombela – Co-National Investigator Cornel Jahari – Field Manager Outcome rates: Contact rate: 94.7% Cooperation rate: 78.8% Refusal rate: 2.8%1 Response rate: 74.6% EA Substitution Rate: 0% Notes: Supplementary interviews for one PSU (8 respondents) were done on October 19th 2014. Survey Overview Quality of Democracy and Governance in Togo Afrobarometer Round 6, 2014-2015 Dates of Fieldwork: 12 October–24 October 2014 Sample size: 1,200 Sampling frame: 4th General Population and Housing Census (RGPH4) of November 2010 Sample universe: Citizens of Togo who are 18 years and older Sample design: Nationally representative, random, clustered, stratified, multi-stage area probability sample Stratification: District, Enumeration Area, and urban-semi-urban-rural location Stages: PSUs (from strata), start points, households, respondents PSU selection: Probability proportionate to population size (PPPS) Cluster size: 8 households per PSU Household selection: Randomly selected start points, followed by walk pattern using 5/10 interval Respondent selection: Gender quota filled by alternating interviews between men and women; respondents of appropriategender listed, after which household member draws a numbered card to select individual Weighting: Weighted to account for individual selection probabilities Margin of error: +/- 3% at 95% confidence level Fieldwork by: Centre de Recherche et de Sondage d‟Opinions (CROP) Survey Languages: French, Ewe, Kabye, Tem, Moba, Nawdem Main researchers: Dr. Moussa P. Blimpo, Ezéchiel A. Djallo, Hervé Akinocho, Ekoutiamé A. Ahlin, AtabanamSimbou Outcome rates: Contact rate: 91.10% Cooperation rate: 67.9% Refusal rate: 15.2% Response rate: 61.8% EA Substitution Rate: 0% Survey Overview The Quality of Democracy and Governance in Tunisia Afrobarometer Round 6, 2015-2016 Dates of Fieldwork: 15 April, 2015 – 26 May, 2015 Sample size: 1200 Sampling frame: The sampling frame was created based on the preliminary results of the last census done in Tunisia in 2014 by the National Institute of Statistics Universe: Citizens of Tunisia who are 18 years and older, excluding institutions Sample design: Nationally representative, random, clustered, stratified, multi-stage area probability sample Stratification: State and urban-rural location Stages: PSUs (from strata), start points, households, respondents PSU selection: Probability proportionate to population size (PPPS) Cluster size: 8 households per PSU Household selection: Randomly selected start points, followed by walk pattern using 5/10 interval Respondent selection: Gender quota filled by alternating interviews between men and women; respondents of appropriate gender listed, after which Kish table is used to draw a randomly selected respondent Weighting: Weighted to account for individual selection probabilities Margin of error: +/- 3% at 95% confidence level Fieldwork by: One to One for Research and polling Survey Languages: Arabic Main researchers: Youssef Meddeb, Imen Mezlini, Abedelafidh Hussein and Najib ben Saad Outcome rates: Contact rate: 58.2% Cooperation rate: 50.7% Refusal rate: 17.4% Response rate: 29.5% EA Substitution Rate: 0% Survey Overview The Quality of Democracy and Governance in Uganda Afrobarometer Round 6, 2015-2016 Dates of Fieldwork: 07 May, 2015 – 26 May, 2015 Sample size: 2400 Sampling frame: 2014 Uganda National Population and Housing Census; Uganda Bureau of Statistics (UBOS Universe: Citizens of Uganda who are 18 years and older, excluding institutions Sample design: Nationally representative, random, clustered, stratified, multi-stage area probability sample Stratification: Sub- Region and urban-rural location Stages: Rural areas: PSUs (from strata), start points, households, respondents Urban areas: PSUs (from strata), start points, households, respondents PSU selection: Probability proportionate to population size (PPPS) Cluster size: 8 households per PSU Household selection: Randomly selected start points, followed by walk pattern using 5/10 interval Respondent selection: Gender quota filled by alternating interviews between men and women; respondents of appropriate gender listed, after which Kish table is used to draw a randomly selected respondent Weighting: Weighted to account for individual selection probabilities Margin of error: +/- 2% at 95% confidence level Fieldwork by: Hatchile Consult Limited Survey Languages: English, Luganda, Lusoga, Runyankore, Rukiga, Runyoro, Rutooro, Lumasaaba (Official translations) Ateso, Acholi, Langi, Lugbara, Alur, Kupsabinyi, and Ngakarimajong Main researchers: Dr. Frederick Golooba Mr Francis Kibirige Outcome rates: Contact rate: 94.7% Cooperation rate: 88.8% Refusal rate: 2.7% Response rate: 84.1% EA Substitution Rate: 1.7% Survey Overview The Quality of Democracy and Governance in Zambia Afrobarometer Round 6, 2014-2015 Dates of Fieldwork: 3rd to31st October, 2014 Sample size: 1,200 Sampling frame: 2010 Zambia Population and Housing Census Sample universe: Citizens age 18 years or older, excluding institutions Sample design: Nationally representative, random, clustered, stratified, multistage area probability sample Stratification: Province, Ward (for rural areas only) and urban-rural location Stages: PSUs (from strata), start points, households, respondents PSU selection: Probability proportionate to population size (PPPS) Cluster size: 8 households per PSU Household selection: Randomly selected start points, followed by walk pattern using 5/10 interval Respondent selection: Gender quota filled by alternating interviews between men and women; respondents of appropriate gender listed, after which household member draws a numbered card to select individual. Weighting: Weighted to account for individual selection probabilities Margin of error: +/- 3% with 95% confidence level Fieldwork by: RuralNet Associates Ltd Survey Languages: Bemba, Kaonde, Lozi, Nyanja/Chewa, and Tonga. (Official translations) Main researchers: Fison Mujenja, Victor Kanyense and Mulima Nyambe. Outcome rates: Contact rate: 100.0% Cooperation rate: 99.4% Refusal rate: 0.3% Response rate: 99.4% EA Substitution Rate: 0% Survey Overview The Quality of Democracy and Governance in Zimbabwe Afrobarometer Round 6, 2014-2015 Dates of Fieldwork: 16 to 29 November 2014 Sample size: 2,400 Sampling frame: 2012 Zimbabwe Population Census Sample universe: Citizens age 18 years or older, excluding institutions Sample design: Nationally representative, random, clustered, stratified, multistage area probability sample Stratification: Region, constituency, and urban-rural location Stages: PSUs (from strata), start points, households, respondents PSU selection: Probability Proportionate to Population Size (PPPS) Cluster size: 8 households per PSU Household selection: Randomly selected start points, followed by walk pattern using 5/10 interval Respondent selection: Gender quota filled by alternating interviews between men and women; respondents of appropriate gender listed, after which household member draws a numbered card to select individual. Weighting: Weighted to account for individual selection probabilities Margin of error: +/- 2% with 95% confidence level Fieldwork by: Mass Public Opinion Institute Survey Languages: Shona, Ndebele, English (Official translations) Main researchers: Professor Eldred. V. Masunungure Outcome rates: Contact rate: 97.5% Cooperation rate: 78.9% Refusal rate: 8.6% Response rate: 76.9% EA Substitution Rate: 4.6%",72,continuous,,n/a,,,TRUE,constructed/design variable; no codebook question exists
within_weight,survey_design,weight,7,TRUE,withinwt,within country weighting factor,,,"The weighting variable adjusts the distribution of the sample based on individual selection probabilities (i.e. based on region, gender, urban-rural distribution, and size of household and enumeration area). Appendix 1: Sample characteristics Gender Weighted Unweighted Male 49.9% 49.9% Female 50.0% 50.1% Missing 0.0% 0.0% Location Urban 42.8% 43.3% Rural 55.5% 55.2% Semi-Urban 1.6% 1.4% Peri-Urban 0.1% 0.1%",71,continuous,,n/a,,,TRUE,constructed/design variable; no codebook question exists
within_weight,survey_design,weight,8,TRUE,withinwt_ea,"within country weighting factor, weights to EA level (""old AB withinwt"")",,,"The weighting variable adjusts the distribution of the sample based on individual selection probabilities (i.e., based on region, gender, urban-rural distribution, and size of household and enumeration area).",88,continuous,,n/a,,,TRUE,constructed/design variable; no codebook question exists
within_weight,survey_design,weight,9,TRUE,withinwt_ea,"within country weighting factor, weights to EA level (""old AB withinwt"")",,,"The weighting variable adjusts the distribution of the sample based on individual selection probabilities (i.e., based on region, gender, urban-rural distribution, and size of household and enumeration area).",83,continuous,,n/a,,,TRUE,constructed/design variable; no codebook question exists
trust_tax_authority,institutional_trust,extension,6,TRUE,Q52D,Q52d. Trust tax department,"How much do you trust each of the following, or haven’t you heard enough about them to say: The [Tax Department]?",Afrobarometer Round 5,,31,likert_0_3,4,more trust,TRUE,,TRUE,
trust_tax_authority,institutional_trust,extension,7,FALSE,,,,,,,,,more trust,,,TRUE,item not asked in this round
trust_tax_authority,institutional_trust,extension,8,TRUE,Q41J,Q41j. Trust tax/revenue office,"How much do you trust each of the following, or haven’t you heard enough about them to say: The tax/revenue office?",Afrobarometer Round 8,,35,likert_0_3,4,more trust,TRUE,,TRUE,
trust_tax_authority,institutional_trust,extension,9,FALSE,,,,,,,,,more trust,,,TRUE,item not asked in this round
corruption_tax_officials,corruption_perception,extension,6,TRUE,Q53F,Q53f. Corruption: tax officials,"How many of the following people do you think are involved in corruption, or haven’t you heard enough about them to say: Tax Officials (e.g. Ministry of Finance officials or Local Government tax collectors)",SAB,,34,likert_0_3,4,more perceived corruption,TRUE,,TRUE,
corruption_tax_officials,corruption_perception,extension,7,FALSE,,,,,,,,,more perceived corruption,,,TRUE,item not asked in this round
corruption_tax_officials,corruption_perception,extension,8,TRUE,Q42G,Q42g. Corruption: Tax officials,"How many of the following people do you think are involved in corruption, or haven’t you heard enough about them to say: Tax officials?",Afrobarometer Round 8,,37,likert_0_3,4,more perceived corruption,TRUE,,TRUE,
corruption_tax_officials,corruption_perception,extension,9,TRUE,Q38G,Q38g. Corruption: tax officials,"How many of the following people do you think are involved in corruption, or haven’t you heard enough about them to say: tax officials, like officials from the [Kenya Revenue Authority or KENRA]?",Afrobarometer Round 8,,29,likert_0_3,4,more perceived corruption,TRUE,,TRUE,
lp_food,material_deprivation,lpi_component,6,TRUE,Q8A,Q8a. How often gone without food,"Over the past year, how often, if ever, have you or anyone in your family: Gone without enough food to eat?",NDB,,12,likert_0_4,5,more deprivation,TRUE,,TRUE,
lp_food,material_deprivation,lpi_component,7,TRUE,Q8A,Q8a. How often gone without food,"Over the past year, how often, if ever, have you or anyone in your family: Gone without enough food to eat?",NDB,,14,likert_0_4,5,more deprivation,TRUE,,TRUE,
lp_food,material_deprivation,lpi_component,8,TRUE,Q7A,Q7a. How often gone without food,"Over the past year, how often, if ever, have you or anyone in your family gone without: Enough food to eat?",NDB,,14,likert_0_4,5,more deprivation,TRUE,,TRUE,stem wording differs from R6/R7: 'gone without' moved into the stem
lp_food,material_deprivation,lpi_component,9,TRUE,Q6A,Q6a. How often gone without food,"Over the past year, how often, if ever, have you or anyone in your family gone without: Enough food to eat?",NDB,,15,likert_0_4,5,more deprivation,TRUE,,TRUE,stem wording differs from R6/R7: 'gone without' moved into the stem
lp_water,material_deprivation,lpi_component,6,TRUE,Q8B,Q8b. How often gone without water,"Over the past year, how often, if ever, have you or anyone in your family: Gone without enough clean water for home use?",NDB,,13,likert_0_4,5,more deprivation,TRUE,,TRUE,
lp_water,material_deprivation,lpi_component,7,TRUE,Q8B,Q8b. How often gone without water,"Over the past year, how often, if ever, have you or anyone in your family: Gone without enough clean water for home use?",NDB,,14,likert_0_4,5,more deprivation,TRUE,,TRUE,
lp_water,material_deprivation,lpi_component,8,TRUE,Q7B,Q7b. How often gone without water,"Over the past year, how often, if ever, have you or anyone in your family gone without: Enough clean water for home use?",NDB,,14,likert_0_4,5,more deprivation,TRUE,,TRUE,stem wording differs from R6/R7: 'gone without' moved into the stem
lp_water,material_deprivation,lpi_component,9,TRUE,Q6B,Q6b. How often gone without water,"Over the past year, how often, if ever, have you or anyone in your family gone without: Enough clean water for home use?",NDB,,15,likert_0_4,5,more deprivation,TRUE,,TRUE,stem wording differs from R6/R7: 'gone without' moved into the stem
lp_medical,material_deprivation,lpi_component,6,TRUE,Q8C,Q8c. How often gone without medical care,"Over the past year, how often, if ever, have you or anyone in your family: Gone without medicines or medical treatment?",NDB,,13,likert_0_4,5,more deprivation,TRUE,,TRUE,
lp_medical,material_deprivation,lpi_component,7,TRUE,Q8C,Q8c. How often gone without medical care,"Over the past year, how often, if ever, have you or anyone in your family: Gone without medicines or medical treatment?",NDB,,14,likert_0_4,5,more deprivation,TRUE,,TRUE,
lp_medical,material_deprivation,lpi_component,8,TRUE,Q7C,Q7c. How often gone without medical care,"Over the past year, how often, if ever, have you or anyone in your family gone without: Medicines or medical treatment?",NDB,,14,likert_0_4,5,more deprivation,TRUE,,TRUE,stem wording differs from R6/R7: 'gone without' moved into the stem
lp_medical,material_deprivation,lpi_component,9,TRUE,Q6C,Q6c. How often gone without medical care,"Over the past year, how often, if ever, have you or anyone in your family gone without: Medicines or medical treatment?",NDB,,15,likert_0_4,5,more deprivation,TRUE,,TRUE,stem wording differs from R6/R7: 'gone without' moved into the stem
lp_fuel,material_deprivation,lpi_component,6,TRUE,Q8D,Q8d. How often gone without cooking fuel,"Over the past year, how often, if ever, have you or anyone in your family: Gone without enough fuel to cook your food?",SAB,,13,likert_0_4,5,more deprivation,TRUE,,TRUE,
lp_fuel,material_deprivation,lpi_component,7,TRUE,Q8D,Q8d. How often gone without cooking fuel,"Over the past year, how often, if ever, have you or anyone in your family: Gone without enough fuel to cook your food?",SAB,,14,likert_0_4,5,more deprivation,TRUE,,TRUE,
lp_fuel,material_deprivation,lpi_component,8,TRUE,Q7D,Q7d. How often gone without cooking fuel,"Over the past year, how often, if ever, have you or anyone in your family gone without: Enough fuel to cook your food?",SAB,,14,likert_0_4,5,more deprivation,TRUE,,TRUE,stem wording differs from R6/R7: 'gone without' moved into the stem
lp_fuel,material_deprivation,lpi_component,9,TRUE,Q6D,Q6d. How often gone without cooking fuel,"Over the past year, how often, if ever, have you or anyone in your family gone without: Enough fuel to cook your food?",SAB,,15,likert_0_4,5,more deprivation,TRUE,,TRUE,stem wording differs from R6/R7: 'gone without' moved into the stem
lp_cash,material_deprivation,lpi_component,6,TRUE,Q8E,Q8e. How often gone without cash income,"Over the past year, how often, if ever, have you or anyone in your family: Gone without a cash income?",SAB,,13,likert_0_4,5,more deprivation,TRUE,,TRUE,
lp_cash,material_deprivation,lpi_component,7,TRUE,Q8E,Q8e. How often gone without cash income,"Over the past year, how often, if ever, have you or anyone in your family: Gone without a cash income?",SAB,,14,likert_0_4,5,more deprivation,TRUE,,TRUE,
lp_cash,material_deprivation,lpi_component,8,TRUE,Q7E,Q7e. How often gone without cash income,"Over the past year, how often, if ever, have you or anyone in your family gone without: A cash income?",SAB,,15,likert_0_4,5,more deprivation,TRUE,,TRUE,stem wording differs from R6/R7: 'gone without' moved into the stem
lp_cash,material_deprivation,lpi_component,9,TRUE,Q6E,Q6e. How often gone without cash income,"Over the past year, how often, if ever, have you or anyone in your family gone without: A cash income?",SAB,,15,likert_0_4,5,more deprivation,TRUE,,TRUE,stem wording differs from R6/R7: 'gone without' moved into the stem
